{"0.32331596117759287":{"user_id":2},"0.9550393288353793":{"user_id":2},"0.7716975486025206":{"user_id":2}}